訂單編號,下單日期,會員等級,流量來源,商品品類,品名,購買件數,商品原價,實付金額,運費,優惠折扣,退貨狀態,顧客評分
ORD-EC-801,2026-09-01,VIP白金會員,Google搜尋廣告,智慧穿戴,FitPulse Pro 智慧運動手環,2,4200,7560,0,840,正常完成,5
ORD-EC-802,2026-09-01,一般會員,Facebook社群,行動裝置,Ultra 5G 旗艦機 256GB,1,28000,28000,100,0,正常完成,4
ORD-EC-803,2026-09-02,黃金會員,LINE官方帳號,智慧家電,IoT 靜音抗敏空氣清淨機,1,16800,15120,0,1680,正常完成,5
ORD-EC-804,2026-09-02,新註冊會員,KOL網紅推薦,智慧穿戴,Watch Ultra 專業潛水錶,1,16500,16500,0,0,退貨處理中,2
ORD-EC-805,2026-09-03,VIP白金會員,EDM電子報,商務電腦,ProBook 14 旗艦商務筆電,3,38000,102600,0,11400,正常完成,5
ORD-EC-806,2026-09-03,一般會員,Google自然搜尋,平板電腦,AirTab 11 創作者平板,1,19500,19500,100,0,正常完成,4
ORD-EC-807,2026-09-04,黃金會員,Instagram廣告,智慧家電,智慧感應溫控吸塵器,2,12500,22500,0,2500,正常完成,5
ORD-EC-808,2026-09-04,一般會員,直接輸入網址,智慧穿戴,FitPulse Pro 智慧運動手環,5,4200,21000,0,0,正常完成,4
ORD-EC-809,2026-09-05,VIP白金會員,KOL網紅推薦,行動裝置,PureView 5G 美拍機,2,18500,33300,0,3700,正常完成,5
ORD-EC-810,2026-09-05,新註冊會員,Facebook社群,平板電腦,AirTab Mini 8.4吋,1,13800,13800,100,0,正常完成,3
ORD-EC-811,2026-09-06,黃金會員,Google搜尋廣告,商務電腦,SlimBook 13 輕薄筆電,2,29800,53640,0,5960,正常完成,5
ORD-EC-812,2026-09-06,一般會員,LINE官方帳號,智慧穿戴,FitPulse Pro 智慧運動手環,1,4200,4200,100,0,退貨處理中,1
ORD-EC-813,2026-09-07,VIP白金會員,EDM電子報,智慧家電,IoT 靜音抗敏空氣清淨機,2,16800,30240,0,3360,正常完成,5
ORD-EC-814,2026-09-07,黃金會員,直接輸入網址,行動裝置,Ultra 5G 旗艦機 256GB,1,28000,25200,0,2800,正常完成,4
ORD-EC-815,2026-09-08,新註冊會員,KOL網紅推薦,智慧穿戴,Watch Ultra 專業潛水錶,1,16500,16500,100,0,正常完成,4
ORD-EC-816,2026-09-08,VIP白金會員,Google自然搜尋,平板電腦,AirTab 11 創作者平板,4,19500,70200,0,7800,正常完成,5
ORD-EC-817,2026-09-09,一般會員,Instagram廣告,智慧家電,智慧感應溫控吸塵器,1,12500,12500,100,0,正常完成,4
ORD-EC-818,2026-09-09,黃金會員,Facebook社群,商務電腦,ProBook 14 旗艦商務筆電,1,38000,34200,0,3800,正常完成,5
ORD-EC-819,2026-09-10,新註冊會員,Google搜尋廣告,智慧穿戴,FitPulse Pro 智慧運動手環,3,4200,12600,0,0,正常完成,4
ORD-EC-820,2026-09-10,VIP白金會員,LINE官方帳號,行動裝置,Ultra 5G 旗艦機 256GB,2,28000,50400,0,5600,正常完成,5
